run_label,log_history_csv,entries
condition_1_seed1337,training_artifacts/training_logs/condition_1_seed1337_log_history.csv,37
condition_1_seed2024,training_artifacts/training_logs/condition_1_seed2024_log_history.csv,37
condition_1_seed42,training_artifacts/training_logs/condition_1_seed42_log_history.csv,37
condition_2a_seed1337,training_artifacts/training_logs/condition_2a_seed1337_log_history.csv,37
condition_2a_seed2024,training_artifacts/training_logs/condition_2a_seed2024_log_history.csv,37
condition_2a_seed42,training_artifacts/training_logs/condition_2a_seed42_log_history.csv,37
condition_3a_seed1337,training_artifacts/training_logs/condition_3a_seed1337_log_history.csv,37
condition_3a_seed2024,training_artifacts/training_logs/condition_3a_seed2024_log_history.csv,37
condition_3a_seed42,training_artifacts/training_logs/condition_3a_seed42_log_history.csv,37
condition_4a_seed1337,training_artifacts/training_logs/condition_4a_seed1337_log_history.csv,37
condition_4a_seed2024,training_artifacts/training_logs/condition_4a_seed2024_log_history.csv,37
condition_4a_seed42,training_artifacts/training_logs/condition_4a_seed42_log_history.csv,37
condition_5a_seed1337,training_artifacts/training_logs/condition_5a_seed1337_log_history.csv,37
condition_5a_seed2024,training_artifacts/training_logs/condition_5a_seed2024_log_history.csv,37
condition_5a_seed42,training_artifacts/training_logs/condition_5a_seed42_log_history.csv,37
